case,mincore,sample,durable_ns,write_ns,commit_ns,mincore_calls,prefault_writes,minor_faults,major_faults,resident_pages_before,total_pages,new_pages,cow_pages,write_ops,msync_calls,fsync_calls,last_page,mode,round,position
warm,1,1,59328017,13683014,45644713,141,0,9482,0,-1,-1,10,8914,0,2,0,17848,baseline,1,1
warm,1,2,60848900,14132106,46716354,141,0,9482,0,-1,-1,10,8914,0,2,0,17848,baseline,1,1
warm,1,3,60334536,14119372,46214883,141,0,9482,0,-1,-1,10,8914,0,2,0,17848,baseline,1,1
warm,1,4,59232578,13920008,45311848,141,0,9482,0,-1,-1,10,8914,0,2,0,17848,baseline,1,1
warm,1,5,60618649,13754638,46863510,141,0,9482,0,-1,-1,10,8914,0,2,0,17848,baseline,1,1
warm,1,6,60278371,13650613,46627498,141,0,9482,0,-1,-1,10,8914,0,2,0,17848,baseline,1,1
warm,1,7,59642598,13938233,45704085,141,0,9482,0,-1,-1,10,8914,0,2,0,17848,baseline,1,1
warm,1,8,59404771,13556586,45847955,141,0,9482,0,-1,-1,10,8914,0,2,0,17848,baseline,1,1
warm,1,9,60359463,13821544,46537608,141,0,9482,0,-1,-1,10,8914,0,2,0,17848,baseline,1,1
warm,1,10,59195128,13760128,45434639,141,0,9482,0,-1,-1,10,8914,0,2,0,17848,baseline,1,1
warm,1,11,58708414,13430670,45277474,141,0,9482,0,-1,-1,10,8914,0,2,0,17848,baseline,1,1
warm,1,12,60699671,14137356,46561774,141,0,9482,0,-1,-1,10,8914,0,2,0,17848,baseline,1,1
warm_open,1,1,59052691,12819393,46232987,141,0,8924,0,-1,-1,10,8914,0,2,0,17848,baseline,1,1
warm_open,1,2,59302470,12844330,46457889,141,0,8924,0,-1,-1,10,8914,0,2,0,17848,baseline,1,1
warm_open,1,3,58227653,12734784,45492628,141,0,8924,0,-1,-1,10,8914,0,2,0,17848,baseline,1,1
warm_open,1,4,58763628,12861963,45901395,141,0,8924,0,-1,-1,10,8914,0,2,0,17848,baseline,1,1
warm_open,1,5,58691243,12687135,46004018,141,0,8924,0,-1,-1,10,8914,0,2,0,17848,baseline,1,1
warm_open,1,6,57551534,12586587,44964827,141,0,8924,0,-1,-1,10,8914,0,2,0,17848,baseline,1,1
warm_open,1,7,59426202,12713154,46712787,141,0,8924,0,-1,-1,10,8914,0,2,0,17848,baseline,1,1
warm_open,1,8,58389987,12726930,45662616,141,0,8924,0,-1,-1,10,8914,0,2,0,17848,baseline,1,1
warm_open,1,9,57360516,12698777,44661418,141,0,8924,0,-1,-1,10,8914,0,2,0,17848,baseline,1,1
warm_open,1,10,59236897,12850581,46386154,141,0,8924,0,-1,-1,10,8914,0,2,0,17848,baseline,1,1
warm_open,1,11,58360212,12767636,45592265,141,0,8924,0,-1,-1,10,8914,0,2,0,17848,baseline,1,1
warm_open,1,12,59955104,12906847,47047906,141,0,8924,0,-1,-1,10,8914,0,2,0,17848,baseline,1,1
cold,1,1,173503634,128816939,44686425,141,8922,8924,8915,0,18432,10,8914,0,2,0,17848,baseline,1,1
cold,1,2,167894731,123689789,44204711,141,8915,8924,8922,0,18432,10,8914,0,2,0,17848,baseline,1,1
cold,1,3,169927996,124913435,45014360,141,8922,8924,8915,0,18432,10,8914,0,2,0,17848,baseline,1,1
cold,1,4,168024905,123223695,44800870,141,8915,8924,8922,0,18432,10,8914,0,2,0,17848,baseline,1,1
cold,1,5,170816021,126091164,44724566,141,8922,8924,8915,0,18432,10,8914,0,2,0,17848,baseline,1,1
cold,1,6,167285527,122902712,44382615,141,8915,8924,8922,0,18432,10,8914,0,2,0,17848,baseline,1,1
cold,1,7,171814094,127490139,44323354,141,8922,8924,8915,0,18432,10,8914,0,2,0,17848,baseline,1,1
cold,1,8,167312608,123788614,43523594,141,8915,8924,8922,0,18432,10,8914,0,2,0,17848,baseline,1,1
cold,1,9,171841416,125046955,46794089,141,8922,8924,8915,4,18432,10,8914,0,2,0,17848,baseline,1,1
cold,1,10,176901179,132131608,44769190,141,8915,8924,8922,0,18432,10,8914,0,2,0,17848,baseline,1,1
cold,1,11,168090267,124198153,43891754,141,8922,8924,8915,0,18432,10,8914,0,2,0,17848,baseline,1,1
cold,1,12,167292300,123391418,43900210,141,8915,8924,8922,0,18432,10,8914,0,2,0,17848,baseline,1,1
warm,0,1,63220891,18454245,44766284,0,8924,9482,0,-1,-1,10,8914,0,2,0,17848,candidate,1,2
warm,0,2,62905219,18146659,44757898,0,8924,9482,0,-1,-1,10,8914,0,2,0,17848,candidate,1,2
warm,0,3,63248904,19070793,44177490,0,8924,9482,0,-1,-1,10,8914,0,2,0,17848,candidate,1,2
warm,0,4,63189913,18409091,44780441,0,8924,9482,0,-1,-1,10,8914,0,2,0,17848,candidate,1,2
warm,0,5,62939363,17927547,45011504,0,8924,9482,0,-1,-1,10,8914,0,2,0,17848,candidate,1,2
warm,0,6,61575954,17985115,43590479,0,8924,9482,0,-1,-1,10,8914,0,2,0,17848,candidate,1,2
warm,0,7,62266601,18022185,44243974,0,8924,9482,0,-1,-1,10,8914,0,2,0,17848,candidate,1,2
warm,0,8,62860745,17914022,44946302,0,8924,9482,0,-1,-1,10,8914,0,2,0,17848,candidate,1,2
warm,0,9,61790657,18130738,43659418,0,8924,9482,0,-1,-1,10,8914,0,2,0,17848,candidate,1,2
warm,0,10,63064587,18470325,44593901,0,8924,9482,0,-1,-1,10,8914,0,2,0,17848,candidate,1,2
warm,0,11,63914853,18640275,45274128,0,8924,9482,0,-1,-1,10,8914,0,2,0,17848,candidate,1,2
warm,0,12,62047810,18000154,44047206,0,8924,9482,0,-1,-1,10,8914,0,2,0,17848,candidate,1,2
warm_open,0,1,60957364,17109041,43848012,0,8924,8924,0,-1,-1,10,8914,0,2,0,17848,candidate,1,2
warm_open,0,2,61080445,17250638,43829627,0,8924,8924,0,-1,-1,10,8914,0,2,0,17848,candidate,1,2
warm_open,0,3,61208585,16979418,44228906,0,8924,8924,0,-1,-1,10,8914,0,2,0,17848,candidate,1,2
warm_open,0,4,62146145,17027067,45118846,0,8924,8924,0,-1,-1,10,8914,0,2,0,17848,candidate,1,2
warm_open,0,5,62902885,16907334,45995300,0,8924,8924,0,-1,-1,10,8914,0,2,0,17848,candidate,1,2
warm_open,0,6,62712036,17069909,45641917,0,8924,8924,0,-1,-1,10,8914,0,2,0,17848,candidate,1,2
warm_open,0,7,62291657,17068385,45223112,0,8924,8924,0,-1,-1,10,8914,0,2,0,17848,candidate,1,2
warm_open,0,8,62699343,16793018,45906134,0,8924,8924,0,-1,-1,10,8914,0,2,0,17848,candidate,1,2
warm_open,0,9,55200753,17164887,38035696,0,8924,8924,0,-1,-1,10,8914,0,2,0,17848,candidate,1,2
warm_open,0,10,59958870,17171740,42786920,0,8924,8924,0,-1,-1,10,8914,0,2,0,17848,candidate,1,2
warm_open,0,11,64942241,17059849,47882141,0,8924,8924,0,-1,-1,10,8914,0,2,0,17848,candidate,1,2
warm_open,0,12,65092923,17238474,47854048,0,8924,8924,0,-1,-1,10,8914,0,2,0,17848,candidate,1,2
cold,0,1,171217583,124966243,46251140,0,8924,8924,8915,0,18432,10,8914,0,2,0,17848,candidate,1,2
cold,0,2,169563330,123308994,46253846,0,8924,8924,8922,0,18432,10,8914,0,2,0,17848,candidate,1,2
cold,0,3,176194041,129434727,46758803,0,8924,8924,8915,0,18432,10,8914,0,2,0,17848,candidate,1,2
cold,0,4,169345110,123115400,46229240,0,8924,8924,8922,0,18432,10,8914,0,2,0,17848,candidate,1,2
cold,0,5,170182792,124019176,46163306,0,8924,8924,8915,0,18432,10,8914,0,2,0,17848,candidate,1,2
cold,0,6,169279497,122981879,46297297,0,8924,8924,8922,0,18432,10,8914,0,2,0,17848,candidate,1,2
cold,0,7,171313273,125396551,45916522,0,8924,8924,8915,0,18432,10,8914,0,2,0,17848,candidate,1,2
cold,0,8,168591757,122713065,45877950,0,8924,8924,8922,0,18432,10,8914,0,2,0,17848,candidate,1,2
cold,0,9,171537013,124685737,46850876,0,8924,8924,8915,0,18432,10,8914,0,2,0,17848,candidate,1,2
cold,0,10,167773842,122035063,45738569,0,8924,8924,8922,0,18432,10,8914,0,2,0,17848,candidate,1,2
cold,0,11,171316078,124821721,46493936,0,8924,8924,8915,0,18432,10,8914,0,2,0,17848,candidate,1,2
cold,0,12,175767601,128875427,46891802,0,8924,8924,8922,0,18432,10,8914,0,2,0,17848,candidate,1,2
warm,0,1,65293850,18034548,47259091,0,8924,9482,0,-1,-1,10,8914,0,2,0,17848,candidate,1,3
warm,0,2,64469704,18194598,46274845,0,8924,9482,0,-1,-1,10,8914,0,2,0,17848,candidate,1,3
warm,0,3,65582021,18509800,47071800,0,8924,9482,0,-1,-1,10,8914,0,2,0,17848,candidate,1,3
warm,0,4,64908146,18431763,46476082,0,8924,9482,0,-1,-1,10,8914,0,2,0,17848,candidate,1,3
warm,0,5,63645537,17963685,45681652,0,8924,9482,0,-1,-1,10,8914,0,2,0,17848,candidate,1,3
warm,0,6,65181760,18695128,46486332,0,8924,9482,0,-1,-1,10,8914,0,2,0,17848,candidate,1,3
warm,0,7,64845999,18473732,46371586,0,8924,9482,0,-1,-1,10,8914,0,2,0,17848,candidate,1,3
warm,0,8,62895991,18030581,44865150,0,8924,9482,0,-1,-1,10,8914,0,2,0,17848,candidate,1,3
warm,0,9,63910835,17954878,45955757,0,8924,9482,0,-1,-1,10,8914,0,2,0,17848,candidate,1,3
warm,0,10,64637358,18068452,46568626,0,8924,9482,0,-1,-1,10,8914,0,2,0,17848,candidate,1,3
warm,0,11,65204222,18071167,47132744,0,8924,9482,0,-1,-1,10,8914,0,2,0,17848,candidate,1,3
warm,0,12,65173734,18680580,46492453,0,8924,9482,0,-1,-1,10,8914,0,2,0,17848,candidate,1,3
warm_open,0,1,62905338,17083854,45821204,0,8924,8924,0,-1,-1,10,8914,0,2,0,17848,candidate,1,3
warm_open,0,2,62424647,17182530,45241816,0,8924,8924,0,-1,-1,10,8914,0,2,0,17848,candidate,1,3
warm_open,0,3,61497988,17207526,44290131,0,8924,8924,0,-1,-1,10,8914,0,2,0,17848,candidate,1,3
warm_open,0,4,63607596,17280183,46327163,0,8924,8924,0,-1,-1,10,8914,0,2,0,17848,candidate,1,3
warm_open,0,5,62256380,17165998,45090122,0,8924,8924,0,-1,-1,10,8914,0,2,0,17848,candidate,1,3
warm_open,0,6,62235241,17269914,44965017,0,8924,8924,0,-1,-1,10,8914,0,2,0,17848,candidate,1,3
warm_open,0,7,62520006,17105254,45414601,0,8924,8924,0,-1,-1,10,8914,0,2,0,17848,candidate,1,3
warm_open,0,8,61369316,17142825,44226381,0,8924,8924,0,-1,-1,10,8914,0,2,0,17848,candidate,1,3
warm_open,0,9,61999940,17136794,44863046,0,8924,8924,0,-1,-1,10,8914,0,2,0,17848,candidate,1,3
warm_open,0,10,61835892,17137465,44698227,0,8924,8924,0,-1,-1,10,8914,0,2,0,17848,candidate,1,3
warm_open,0,11,61521842,17213457,44308245,0,8924,8924,0,-1,-1,10,8914,0,2,0,17848,candidate,1,3
warm_open,0,12,62584997,16945915,45638962,0,8924,8924,0,-1,-1,10,8914,0,2,0,17848,candidate,1,3
cold,0,1,464117535,419310104,44806950,0,8924,8924,8915,0,18432,10,8914,0,2,0,17848,candidate,1,3
cold,0,2,177280859,132251752,45028717,0,8924,8924,8922,0,18432,10,8914,0,2,0,17848,candidate,1,3
cold,0,3,169480302,124667140,44812891,0,8924,8924,8915,0,18432,10,8914,0,2,0,17848,candidate,1,3
cold,0,4,167663935,122717192,44946362,0,8924,8924,8922,0,18432,10,8914,0,2,0,17848,candidate,1,3
cold,0,5,170466443,125141721,45324351,0,8924,8924,8915,0,18432,10,8914,0,2,0,17848,candidate,1,3
cold,0,6,167780934,123475435,44305089,0,8924,8924,8922,0,18432,10,8914,0,2,0,17848,candidate,1,3
cold,0,7,169183756,124561091,44622213,0,8924,8924,8915,0,18432,10,8914,0,2,0,17848,candidate,1,3
cold,0,8,172797707,127743743,45053583,0,8924,8924,8922,0,18432,10,8914,0,2,0,17848,candidate,1,3
cold,0,9,173257911,125994792,47262728,0,8924,8924,8915,0,18432,10,8914,0,2,0,17848,candidate,1,3
cold,0,10,168693616,123767412,44925823,0,8924,8924,8922,0,18432,10,8914,0,2,0,17848,candidate,1,3
cold,0,11,170232825,125135199,45097425,0,8924,8924,8915,0,18432,10,8914,0,2,0,17848,candidate,1,3
cold,0,12,167603251,122772435,44830515,0,8924,8924,8922,0,18432,10,8914,0,2,0,17848,candidate,1,3
warm,1,1,57169596,13468310,43700985,141,0,9482,0,-1,-1,10,8914,0,2,0,17848,baseline,1,4
warm,1,2,58681313,13869914,44811179,141,0,9482,0,-1,-1,10,8914,0,2,0,17848,baseline,1,4
warm,1,3,58203346,13550134,44652941,141,0,9482,0,-1,-1,10,8914,0,2,0,17848,baseline,1,4
warm,1,4,59294473,14160339,45133843,141,0,9482,0,-1,-1,10,8914,0,2,0,17848,baseline,1,4
warm,1,5,59770015,13515158,46254567,141,0,9482,0,-1,-1,10,8914,0,2,0,17848,baseline,1,4
warm,1,6,59846228,13864544,45980903,141,0,9482,0,-1,-1,10,8914,0,2,0,17848,baseline,1,4
warm,1,7,59090751,13831412,45258948,141,0,9482,0,-1,-1,10,8914,0,2,0,17848,baseline,1,4
warm,1,8,58931111,13755459,45175292,141,0,9482,0,-1,-1,10,8914,0,2,0,17848,baseline,1,4
warm,1,9,57226563,14115214,43110988,141,0,9482,0,-1,-1,10,8914,0,2,0,17848,baseline,1,4
warm,1,10,61011034,14040204,46970460,141,0,9482,0,-1,-1,10,8914,0,2,0,17848,baseline,1,4
warm,1,11,61143332,13417104,47726057,141,0,9482,0,-1,-1,10,8914,0,2,0,17848,baseline,1,4
warm,1,12,62039963,13491092,48548600,141,0,9482,0,-1,-1,10,8914,0,2,0,17848,baseline,1,4
warm_open,1,1,59579377,12893522,46685605,141,0,8924,0,-1,-1,10,8914,0,2,0,17848,baseline,1,4
warm_open,1,2,59530756,12997006,46533459,141,0,8924,0,-1,-1,10,8914,0,2,0,17848,baseline,1,4
warm_open,1,3,59650902,12757015,46893646,141,0,8924,0,-1,-1,10,8914,0,2,0,17848,baseline,1,4
warm_open,1,4,59334538,12830534,46503754,141,0,8924,0,-1,-1,10,8914,0,2,0,17848,baseline,1,4
warm_open,1,5,60125753,12691994,47433508,141,0,8924,0,-1,-1,10,8914,0,2,0,17848,baseline,1,4
warm_open,1,6,59902173,12842536,47059477,141,0,8924,0,-1,-1,10,8914,0,2,0,17848,baseline,1,4
warm_open,1,7,60076580,12529458,47546992,141,0,8924,0,-1,-1,10,8914,0,2,0,17848,baseline,1,4
warm_open,1,8,59496612,12794847,46701465,141,0,8924,0,-1,-1,10,8914,0,2,0,17848,baseline,1,4
warm_open,1,9,59118593,12677246,46441127,141,0,8924,0,-1,-1,10,8914,0,2,0,17848,baseline,1,4
warm_open,1,10,60305159,12932415,47372274,141,0,8924,0,-1,-1,10,8914,0,2,0,17848,baseline,1,4
warm_open,1,11,59161132,12637461,46523431,141,0,8924,0,-1,-1,10,8914,0,2,0,17848,baseline,1,4
warm_open,1,12,58901976,12868535,46033231,141,0,8924,0,-1,-1,10,8914,0,2,0,17848,baseline,1,4
cold,1,1,177646213,130291503,47354510,141,8922,8924,8915,0,18432,10,8914,0,2,0,17848,baseline,1,4
cold,1,2,170344533,123364345,46979978,141,8915,8924,8922,0,18432,10,8914,0,2,0,17848,baseline,1,4
cold,1,3,172031137,124870000,47160767,141,8922,8924,8915,0,18432,10,8914,0,2,0,17848,baseline,1,4
cold,1,4,173185413,126568718,46616495,141,8915,8924,8922,0,18432,10,8914,0,2,0,17848,baseline,1,4
cold,1,5,172235361,125725526,46509454,141,8922,8924,8915,0,18432,10,8914,0,2,0,17848,baseline,1,4
cold,1,6,169580930,123058331,46522228,141,8915,8924,8922,0,18432,10,8914,0,2,0,17848,baseline,1,4
cold,1,7,171900743,125180733,46719558,141,8922,8924,8915,0,18432,10,8914,0,2,0,17848,baseline,1,4
cold,1,8,169151755,123188605,45962848,141,8915,8924,8922,0,18432,10,8914,0,2,0,17848,baseline,1,4
cold,1,9,170490366,124368860,46121276,141,8922,8924,8915,0,18432,10,8914,0,2,0,17848,baseline,1,4
cold,1,10,174395764,128256314,46139200,141,8915,8924,8922,0,18432,10,8914,0,2,0,17848,baseline,1,4
cold,1,11,170695090,124166269,46528621,141,8922,8924,8915,0,18432,10,8914,0,2,0,17848,baseline,1,4
cold,1,12,169557415,123161935,46395180,141,8915,8924,8922,0,18432,10,8914,0,2,0,17848,baseline,1,4
warm,1,1,59414739,13495761,45918766,141,0,9482,0,-1,-1,10,8914,0,2,0,17848,baseline,2,1
warm,1,2,60061070,13917483,46143287,141,0,9482,0,-1,-1,10,8914,0,2,0,17848,baseline,2,1
warm,1,3,58281551,13515879,44765372,141,0,9482,0,-1,-1,10,8914,0,2,0,17848,baseline,2,1
warm,1,4,60029942,14061363,45968249,141,0,9482,0,-1,-1,10,8914,0,2,0,17848,baseline,2,1
warm,1,5,59344497,13515538,45828437,141,0,9482,0,-1,-1,10,8914,0,2,0,17848,baseline,2,1
warm,1,6,57580496,13636265,43943820,141,0,9482,0,-1,-1,10,8914,0,2,0,17848,baseline,2,1
warm,1,7,58952861,13520808,45431632,141,0,9482,0,-1,-1,10,8914,0,2,0,17848,baseline,2,1
warm,1,8,58740312,13550895,45189107,141,0,9482,0,-1,-1,10,8914,0,2,0,17848,baseline,2,1
warm,1,9,57642873,13639080,44003502,141,0,9482,0,-1,-1,10,8914,0,2,0,17848,baseline,2,1
warm,1,10,59150362,13634923,45515079,141,0,9482,0,-1,-1,10,8914,0,2,0,17848,baseline,2,1
warm,1,11,58668508,13464293,45203925,141,0,9482,0,-1,-1,10,8914,0,2,0,17848,baseline,2,1
warm,1,12,57639046,13562356,44076399,141,0,9482,0,-1,-1,10,8914,0,2,0,17848,baseline,2,1
warm_open,1,1,58051059,12808392,45242417,141,0,8924,0,-1,-1,10,8914,0,2,0,17848,baseline,2,1
warm_open,1,2,57781854,12873324,44908230,141,0,8924,0,-1,-1,10,8914,0,2,0,17848,baseline,2,1
warm_open,1,3,58517896,12877631,45639813,141,0,8924,0,-1,-1,10,8914,0,2,0,17848,baseline,2,1
warm_open,1,4,57690342,12872272,44817870,141,0,8924,0,-1,-1,10,8914,0,2,0,17848,baseline,2,1
warm_open,1,5,56911932,12744853,44166859,141,0,8924,0,-1,-1,10,8914,0,2,0,17848,baseline,2,1
warm_open,1,6,57613879,12899503,44714075,141,0,8924,0,-1,-1,10,8914,0,2,0,17848,baseline,2,1
warm_open,1,7,56990299,12820104,44169764,141,0,8924,0,-1,-1,10,8914,0,2,0,17848,baseline,2,1
warm_open,1,8,57104494,12930551,44173552,141,0,8924,0,-1,-1,10,8914,0,2,0,17848,baseline,2,1
warm_open,1,9,57389478,12656517,44732530,141,0,8924,0,-1,-1,10,8914,0,2,0,17848,baseline,2,1
warm_open,1,10,56975130,12930722,44044108,141,0,8924,0,-1,-1,10,8914,0,2,0,17848,baseline,2,1
warm_open,1,11,58309014,12711189,45597634,141,0,8924,0,-1,-1,10,8914,0,2,0,17848,baseline,2,1
warm_open,1,12,57937597,12853176,45084120,141,0,8924,0,-1,-1,10,8914,0,2,0,17848,baseline,2,1
cold,1,1,169236182,125644202,43591670,141,8922,8924,8915,0,18432,10,8914,0,2,0,17848,baseline,2,1
cold,1,2,167397663,123087614,44309706,141,8915,8924,8922,0,18432,10,8914,0,2,0,17848,baseline,2,1
cold,1,3,168519898,124672369,43847229,141,8922,8924,8915,0,18432,10,8914,0,2,0,17848,baseline,2,1
cold,1,4,168541719,123284574,45256794,141,8915,8924,8922,0,18432,10,8914,0,2,0,17848,baseline,2,1
cold,1,5,170994401,124776524,46217477,141,8922,8924,8915,0,18432,10,8914,0,2,0,17848,baseline,2,1
cold,1,6,169560650,123888958,45671341,141,8915,8924,8922,0,18432,10,8914,0,2,0,17848,baseline,2,1
cold,1,7,170136932,124965418,45171214,141,8922,8924,8915,0,18432,10,8914,0,2,0,17848,baseline,2,1
cold,1,8,172452155,123421791,49030023,141,8915,8924,8922,0,18432,10,8914,0,2,0,17848,baseline,2,1
cold,1,9,165437284,125338749,40098315,141,8922,8924,8915,0,18432,10,8914,0,2,0,17848,baseline,2,1
cold,1,10,170733201,123283052,47449778,141,8915,8924,8922,0,18432,10,8914,0,2,0,17848,baseline,2,1
cold,1,11,172955359,125028707,47926312,141,8922,8924,8915,0,18432,10,8914,0,2,0,17848,baseline,2,1
cold,1,12,172029592,123280867,48748325,141,8915,8924,8922,0,18432,10,8914,0,2,0,17848,baseline,2,1
warm,0,1,64272872,18020501,46251951,0,8924,9482,0,-1,-1,10,8914,0,2,0,17848,candidate,2,2
warm,0,2,64219653,18047011,46172301,0,8924,9482,0,-1,-1,10,8914,0,2,0,17848,candidate,2,2
warm,0,3,62654416,18343437,44310588,0,8924,9482,0,-1,-1,10,8914,0,2,0,17848,candidate,2,2
warm,0,4,61471957,18247958,43223689,0,8924,9482,0,-1,-1,10,8914,0,2,0,17848,candidate,2,2
warm,0,5,60445120,17930302,42514568,0,8924,9482,0,-1,-1,10,8914,0,2,0,17848,candidate,2,2
warm,0,6,61401735,18016052,43385392,0,8924,9482,0,-1,-1,10,8914,0,2,0,17848,candidate,2,2
warm,0,7,61502806,17949868,43552677,0,8924,9482,0,-1,-1,10,8914,0,2,0,17848,candidate,2,2
warm,0,8,60703034,18217901,42484472,0,8924,9482,0,-1,-1,10,8914,0,2,0,17848,candidate,2,2
warm,0,9,61281220,17863226,43417754,0,8924,9482,0,-1,-1,10,8914,0,2,0,17848,candidate,2,2
warm,0,10,61568168,18019199,43548699,0,8924,9482,0,-1,-1,10,8914,0,2,0,17848,candidate,2,2
warm,0,11,60925282,18191262,42733660,0,8924,9482,0,-1,-1,10,8914,0,2,0,17848,candidate,2,2
warm,0,12,61324901,18014079,43310512,0,8924,9482,0,-1,-1,10,8914,0,2,0,17848,candidate,2,2
warm_open,0,1,60562060,17139598,43422211,0,8924,8924,0,-1,-1,10,8914,0,2,0,17848,candidate,2,2
warm_open,0,2,61032673,17341778,43690605,0,8924,8924,0,-1,-1,10,8914,0,2,0,17848,candidate,2,2
warm_open,0,3,59686868,17098050,42588567,0,8924,8924,0,-1,-1,10,8914,0,2,0,17848,candidate,2,2
warm_open,0,4,60055690,17140510,42915020,0,8924,8924,0,-1,-1,10,8914,0,2,0,17848,candidate,2,2
warm_open,0,5,60558884,17225149,43333495,0,8924,8924,0,-1,-1,10,8914,0,2,0,17848,candidate,2,2
warm_open,0,6,58957961,17031686,41926074,0,8924,8924,0,-1,-1,10,8914,0,2,0,17848,candidate,2,2
warm_open,0,7,60039760,17011568,43027832,0,8924,8924,0,-1,-1,10,8914,0,2,0,17848,candidate,2,2
warm_open,0,8,59830247,17116845,42713111,0,8924,8924,0,-1,-1,10,8914,0,2,0,17848,candidate,2,2
warm_open,0,9,59810329,17186606,42623593,0,8924,8924,0,-1,-1,10,8914,0,2,0,17848,candidate,2,2
warm_open,0,10,59731331,17102499,42628672,0,8924,8924,0,-1,-1,10,8914,0,2,0,17848,candidate,2,2
warm_open,0,11,59952076,17099614,42852192,0,8924,8924,0,-1,-1,10,8914,0,2,0,17848,candidate,2,2
warm_open,0,12,60673459,17256769,43416310,0,8924,8924,0,-1,-1,10,8914,0,2,0,17848,candidate,2,2
cold,0,1,170565074,127770651,42794003,0,8924,8924,8915,0,18432,10,8914,0,2,0,17848,candidate,2,2
cold,0,2,163880041,122660463,41219168,0,8924,8924,8922,0,18432,10,8914,0,2,0,17848,candidate,2,2
cold,0,3,166428553,124018300,42409802,0,8924,8924,8915,0,18432,10,8914,0,2,0,17848,candidate,2,2
cold,0,4,164536693,122537451,41998860,0,8924,8924,8922,0,18432,10,8914,0,2,0,17848,candidate,2,2
cold,0,5,166329898,124339031,41990505,0,8924,8924,8915,0,18432,10,8914,0,2,0,17848,candidate,2,2
cold,0,6,164643434,122791929,41851194,0,8924,8924,8922,0,18432,10,8914,0,2,0,17848,candidate,2,2
cold,0,7,166694511,124427467,42266633,0,8924,8924,8915,0,18432,10,8914,0,2,0,17848,candidate,2,2
cold,0,8,165091223,122771921,42318891,0,8924,8924,8922,0,18432,10,8914,0,2,0,17848,candidate,2,2
cold,0,9,166308777,124986306,41322141,0,8924,8924,8915,0,18432,10,8914,0,2,0,17848,candidate,2,2
cold,0,10,164976858,122924347,42051940,0,8924,8924,8922,0,18432,10,8914,0,2,0,17848,candidate,2,2
cold,0,11,170867280,129080347,41786512,0,8924,8924,8915,0,18432,10,8914,0,2,0,17848,candidate,2,2
cold,0,12,164050570,123353352,40696817,0,8924,8924,8922,0,18432,10,8914,0,2,0,17848,candidate,2,2
warm,0,1,60289378,18367242,41921856,0,8924,9482,0,-1,-1,10,8914,0,2,0,17848,candidate,2,3
warm,0,2,60792391,17832288,42959903,0,8924,9482,0,-1,-1,10,8914,0,2,0,17848,candidate,2,3
warm,0,3,59642885,18336564,41305991,0,8924,9482,0,-1,-1,10,8914,0,2,0,17848,candidate,2,3
warm,0,4,60413892,18156827,42256775,0,8924,9482,0,-1,-1,10,8914,0,2,0,17848,candidate,2,3
warm,0,5,60771243,17923650,42847383,0,8924,9482,0,-1,-1,10,8914,0,2,0,17848,candidate,2,3
warm,0,6,59154418,18159411,40994666,0,8924,9482,0,-1,-1,10,8914,0,2,0,17848,candidate,2,3
warm,0,7,59653575,17969616,41683589,0,8924,9482,0,-1,-1,10,8914,0,2,0,17848,candidate,2,3
warm,0,8,60963994,18048333,42915381,0,8924,9482,0,-1,-1,10,8914,0,2,0,17848,candidate,2,3
warm,0,9,59966612,17906517,42059895,0,8924,9482,0,-1,-1,10,8914,0,2,0,17848,candidate,2,3
warm,0,10,60389235,18638610,41749984,0,8924,9482,0,-1,-1,10,8914,0,2,0,17848,candidate,2,3
warm,0,11,60740694,17884425,42855958,0,8924,9482,0,-1,-1,10,8914,0,2,0,17848,candidate,2,3
warm,0,12,61142749,18456959,42685489,0,8924,9482,0,-1,-1,10,8914,0,2,0,17848,candidate,2,3
warm_open,0,1,58364977,17285802,41078804,0,8924,8924,0,-1,-1,10,8914,0,2,0,17848,candidate,2,3
warm_open,0,2,57897670,17260304,40636985,0,8924,8924,0,-1,-1,10,8914,0,2,0,17848,candidate,2,3
warm_open,0,3,59145652,17544598,41600833,0,8924,8924,0,-1,-1,10,8914,0,2,0,17848,candidate,2,3
warm_open,0,4,58806495,17223456,41582649,0,8924,8924,0,-1,-1,10,8914,0,2,0,17848,candidate,2,3
warm_open,0,5,60161298,17201214,42959663,0,8924,8924,0,-1,-1,10,8914,0,2,0,17848,candidate,2,3
warm_open,0,6,59654557,17148285,42506142,0,8924,8924,0,-1,-1,10,8914,0,2,0,17848,candidate,2,3
warm_open,0,7,58938162,17064216,41873775,0,8924,8924,0,-1,-1,10,8914,0,2,0,17848,candidate,2,3
warm_open,0,8,60085997,17239496,42846371,0,8924,8924,0,-1,-1,10,8914,0,2,0,17848,candidate,2,3
warm_open,0,9,54953266,17141381,37811715,0,8924,8924,0,-1,-1,10,8914,0,2,0,17848,candidate,2,3
warm_open,0,10,58297992,16959881,41337931,0,8924,8924,0,-1,-1,10,8914,0,2,0,17848,candidate,2,3
warm_open,0,11,61664398,17037186,44626882,0,8924,8924,0,-1,-1,10,8914,0,2,0,17848,candidate,2,3
warm_open,0,12,61542890,17168643,44374097,0,8924,8924,0,-1,-1,10,8914,0,2,0,17848,candidate,2,3
cold,0,1,167042894,124565637,42477027,0,8924,8924,8915,0,18432,10,8914,0,2,0,17848,candidate,2,3
cold,0,2,165125587,122349398,42775968,0,8924,8924,8922,0,18432,10,8914,0,2,0,17848,candidate,2,3
cold,0,3,167627691,124307001,43320460,0,8924,8924,8915,0,18432,10,8914,0,2,0,17848,candidate,2,3
cold,0,4,166128539,123252523,42875776,0,8924,8924,8922,0,18432,10,8914,0,2,0,17848,candidate,2,3
cold,0,5,167328600,123917581,43410689,0,8924,8924,8915,0,18432,10,8914,0,2,0,17848,candidate,2,3
cold,0,6,166560769,123094806,43465712,0,8924,8924,8922,0,18432,10,8914,0,2,0,17848,candidate,2,3
cold,0,7,167702652,124749511,42952750,0,8924,8924,8915,0,18432,10,8914,0,2,0,17848,candidate,2,3
cold,0,8,168564449,122501332,46062485,0,8924,8924,8922,0,18432,10,8914,0,2,0,17848,candidate,2,3
cold,0,9,168234670,124539016,43695374,0,8924,8924,8915,0,18432,10,8914,0,2,0,17848,candidate,2,3
cold,0,10,165540255,122739690,42800004,0,8924,8924,8922,0,18432,10,8914,0,2,0,17848,candidate,2,3
cold,0,11,166517327,123792355,42724722,0,8924,8924,8915,0,18432,10,8914,0,2,0,17848,candidate,2,3
cold,0,12,166979795,123721251,43258123,0,8924,8924,8922,0,18432,10,8914,0,2,0,17848,candidate,2,3
warm,1,1,57244024,13996721,43247012,141,0,9482,0,-1,-1,10,8914,0,2,0,17848,baseline,2,4
warm,1,2,56061405,13480673,42580391,141,0,9482,0,-1,-1,10,8914,0,2,0,17848,baseline,2,4
warm,1,3,57506696,14310420,43195766,141,0,9482,0,-1,-1,10,8914,0,2,0,17848,baseline,2,4
warm,1,4,56303249,13439887,42863162,141,0,9482,0,-1,-1,10,8914,0,2,0,17848,baseline,2,4
warm,1,5,56126326,14165748,41960248,141,0,9482,0,-1,-1,10,8914,0,2,0,17848,baseline,2,4
warm,1,6,56174457,13497465,42676652,141,0,9482,0,-1,-1,10,8914,0,2,0,17848,baseline,2,4
warm,1,7,56327785,13667273,42660221,141,0,9482,0,-1,-1,10,8914,0,2,0,17848,baseline,2,4
warm,1,8,55907997,13937440,41970247,141,0,9482,0,-1,-1,10,8914,0,2,0,17848,baseline,2,4
warm,1,9,56052227,13746822,42305135,141,0,9482,0,-1,-1,10,8914,0,2,0,17848,baseline,2,4
warm,1,10,56366918,13691959,42674578,141,0,9482,0,-1,-1,10,8914,0,2,0,17848,baseline,2,4
warm,1,11,55322269,13566153,41755804,141,0,9482,0,-1,-1,10,8914,0,2,0,17848,baseline,2,4
warm,1,12,56021450,13511040,42510210,141,0,9482,0,-1,-1,10,8914,0,2,0,17848,baseline,2,4
warm_open,1,1,55618995,12807069,42811735,141,0,8924,0,-1,-1,10,8914,0,2,0,17848,baseline,2,4
warm_open,1,2,55020081,12944888,42074963,141,0,8924,0,-1,-1,10,8914,0,2,0,17848,baseline,2,4
warm_open,1,3,54403424,12924780,41478474,141,0,8924,0,-1,-1,10,8914,0,2,0,17848,baseline,2,4
warm_open,1,4,55382932,12976427,42406245,141,0,8924,0,-1,-1,10,8914,0,2,0,17848,baseline,2,4
warm_open,1,5,54605623,12801358,41803954,141,0,8924,0,-1,-1,10,8914,0,2,0,17848,baseline,2,4
warm_open,1,6,55074904,12756975,42317609,141,0,8924,0,-1,-1,10,8914,0,2,0,17848,baseline,2,4
warm_open,1,7,54387794,12873514,41513980,141,0,8924,0,-1,-1,10,8914,0,2,0,17848,baseline,2,4
warm_open,1,8,53672583,12977339,40694954,141,0,8924,0,-1,-1,10,8914,0,2,0,17848,baseline,2,4
warm_open,1,9,54920835,12850241,42070284,141,0,8924,0,-1,-1,10,8914,0,2,0,17848,baseline,2,4
warm_open,1,10,54451594,12907948,41543496,141,0,8924,0,-1,-1,10,8914,0,2,0,17848,baseline,2,4
warm_open,1,11,53896944,12877091,41019402,141,0,8924,0,-1,-1,10,8914,0,2,0,17848,baseline,2,4
warm_open,1,12,54950891,12955147,41995133,141,0,8924,0,-1,-1,10,8914,0,2,0,17848,baseline,2,4
cold,1,1,167149303,124999720,42149222,141,8922,8924,8915,4,18432,10,8914,0,2,0,17848,baseline,2,4
cold,1,2,164285129,123313155,40971382,141,8915,8924,8922,0,18432,10,8914,0,2,0,17848,baseline,2,4
cold,1,3,168905487,124705848,44199309,141,8922,8924,8915,0,18432,10,8914,0,2,0,17848,baseline,2,4
cold,1,4,165317536,123483715,41833590,141,8915,8924,8922,0,18432,10,8914,0,2,0,17848,baseline,2,4
cold,1,5,165935866,124343839,41591756,141,8922,8924,8915,0,18432,10,8914,0,2,0,17848,baseline,2,4
cold,1,6,164585533,123036657,41548565,141,8915,8924,8922,0,18432,10,8914,0,2,0,17848,baseline,2,4
cold,1,7,167196602,124660262,42536058,141,8922,8924,8915,0,18432,10,8914,0,2,0,17848,baseline,2,4
cold,1,8,166527105,123364010,43162724,141,8915,8924,8922,0,18432,10,8914,0,2,0,17848,baseline,2,4
cold,1,9,166790349,124983940,41805998,141,8922,8924,8915,0,18432,10,8914,0,2,0,17848,baseline,2,4
cold,1,10,165319409,122925828,42393290,141,8915,8924,8922,0,18432,10,8914,0,2,0,17848,baseline,2,4
cold,1,11,171254735,128092473,43161912,141,8922,8924,8915,0,18432,10,8914,0,2,0,17848,baseline,2,4
cold,1,12,165764754,123859740,41904653,141,8915,8924,8922,0,18432,10,8914,0,2,0,17848,baseline,2,4
